{"fonts/BrandonText-Bold.ttf":["fonts/BrandonText-Bold.ttf"],"fonts/BrandonText-Medium.otf":["fonts/BrandonText-Medium.otf"],"fonts/BrandonText-Regular.otf":["fonts/BrandonText-Regular.otf"],"images/aqualogo.png":["images/aqualogo.png"],"packages/cupertino_icons/assets/CupertinoIcons.ttf":["packages/cupertino_icons/assets/CupertinoIcons.ttf"],"packages/device_dashboard/fonts/BrandonText-Bold.ttf":["packages/device_dashboard/fonts/BrandonText-Bold.ttf"],"packages/device_dashboard/fonts/BrandonText-Medium.otf":["packages/device_dashboard/fonts/BrandonText-Medium.otf"],"packages/device_dashboard/fonts/BrandonText-Regular.otf":["packages/device_dashboard/fonts/BrandonText-Regular.otf"],"packages/device_dashboard/images/aqualogo.png":["packages/device_dashboard/images/aqualogo.png"],"packages/device_management/fonts/BrandonText-Bold.ttf":["packages/device_management/fonts/BrandonText-Bold.ttf"],"packages/device_management/fonts/BrandonText-Medium.otf":["packages/device_management/fonts/BrandonText-Medium.otf"],"packages/device_management/fonts/BrandonText-Regular.otf":["packages/device_management/fonts/BrandonText-Regular.otf"],"packages/device_management/images/aqualogo.png":["packages/device_management/images/aqualogo.png"],"packages/fluttertoast/assets/toastify.css":["packages/fluttertoast/assets/toastify.css"],"packages/fluttertoast/assets/toastify.js":["packages/fluttertoast/assets/toastify.js"],"packages/installation/fonts/BrandonText-Bold.ttf":["packages/installation/fonts/BrandonText-Bold.ttf"],"packages/installation/fonts/BrandonText-Medium.otf":["packages/installation/fonts/BrandonText-Medium.otf"],"packages/installation/fonts/BrandonText-Regular.otf":["packages/installation/fonts/BrandonText-Regular.otf"],"packages/pf_reports/assets/images/resetImage.png":["packages/pf_reports/assets/images/resetImage.png"],"packages/pf_reports/fonts/BrandonText-Bold.ttf":["packages/pf_reports/fonts/BrandonText-Bold.ttf"],"packages/pf_reports/fonts/BrandonText-Medium.otf":["packages/pf_reports/fonts/BrandonText-Medium.otf"],"packages/pf_reports/fonts/BrandonText-Regular.otf":["packages/pf_reports/fonts/BrandonText-Regular.otf"]}