[{"family":"MaterialIcons","fonts":[{"asset":"fonts/MaterialIcons-Regular.otf"}]},{"family":"Brandon","fonts":[{"asset":"fonts/BrandonText-Bold.ttf"}]},{"family":"BrandonReg","fonts":[{"asset":"fonts/BrandonText-Regular.otf"}]},{"family":"BrandonMed","fonts":[{"asset":"fonts/BrandonText-Medium.otf"}]},{"family":"packages/device_management/Brandon","fonts":[{"asset":"packages/device_management/fonts/BrandonText-Bold.ttf"}]},{"family":"packages/device_management/BrandonReg","fonts":[{"asset":"packages/device_management/fonts/BrandonText-Regular.otf"}]},{"family":"packages/device_management/BrandonMed","fonts":[{"asset":"packages/device_management/fonts/BrandonText-Medium.otf"}]},{"family":"packages/installation/Brandon","fonts":[{"asset":"packages/installation/fonts/BrandonText-Bold.ttf"}]},{"family":"packages/installation/BrandonReg","fonts":[{"asset":"packages/installation/fonts/BrandonText-Regular.otf"}]},{"family":"packages/installation/BrandonMed","fonts":[{"asset":"packages/installation/fonts/BrandonText-Medium.otf"}]},{"family":"packages/pf_reports/Brandon","fonts":[{"asset":"packages/pf_reports/fonts/BrandonText-Bold.ttf"}]},{"family":"packages/pf_reports/BrandonReg","fonts":[{"asset":"packages/pf_reports/fonts/BrandonText-Regular.otf"}]},{"family":"packages/pf_reports/BrandonMed","fonts":[{"asset":"packages/pf_reports/fonts/BrandonText-Medium.otf"}]},{"family":"packages/device_dashboard/Brandon","fonts":[{"asset":"packages/device_dashboard/fonts/BrandonText-Bold.ttf"}]},{"family":"packages/device_dashboard/BrandonReg","fonts":[{"asset":"packages/device_dashboard/fonts/BrandonText-Regular.otf"}]},{"family":"packages/device_dashboard/BrandonMed","fonts":[{"asset":"packages/device_dashboard/fonts/BrandonText-Medium.otf"}]},{"family":"packages/cupertino_icons/CupertinoIcons","fonts":[{"asset":"packages/cupertino_icons/assets/CupertinoIcons.ttf"}]}]